77783383;M.;Cren;Cren;Isa;;;000;na;na;na;na;na;na
42091148;M.;Zimmermann;Zimmermann;Biface;;;000;na;na;na;na;na;na
52166155;M.;Clécy;Clécy;Thibault;"adjoint technique 2ème classe";"adjoint technique 2ème classe";000;na;na;na;na;na;na
54384838;M.;Christelle;Christelle;Mathieu;"adjoint technique 2ème classe";"adjoint technique 2ème classe";000;na;na;na;na;na;na
45857906;M.;Bl;Bl;Cid;;;000;na;na;na;na;na;na
23429489;M.;Donet;Donet;Jean-François;"technicien de laboratoire de classe exceptionnelle";"technicien de laboratoire de classe exceptionnelle";000;na;na;na;na;na;na
84072174;M.;Bellet;Bellet;Alex;"adjoint administratif 1ère classe";"adjoint administratif 1ère classe";000;na;na;na;na;na;na
79571628;M.;Barbe;Barbe;Henri;;;000;na;na;na;na;na;na
49530838;M.;Meca;Meca;Elisabeth;"adjoint technique 1ère classe";"adjoint technique 1ère classe";000;na;na;na;na;na;na
63454733;M.;Balmer;Balmer;Dominique;"adjoint administratif 2ème classe";"adjoint administratif 2ème classe";000;na;na;na;na;na;na
70805851;M.;Borde;Borde;Mag;;;000;na;na;na;na;na;na
28514399;M.;Uncle;Uncle;Michaël;attaché;attaché;000;na;na;na;na;na;na
27754516;M.;Letemps;Letemps;Hakim;;;000;na;na;na;na;na;na
